{
  "status": "CONFIRMED BY EXECUTION",
  "task_label": "DEBUG_BROKEN_PIPELINE",
  "timestamp_utc": "2026-03-15T22:13:59.528747+00:00",
  "seed": 42,
  "threshold": 0.5,
  "model_type": "LogisticRegression",
  "feature_count_before_encoding": 22,
  "feature_count_after_encoding": 27,
  "source_paths": {
    "train": "train.csv",
    "test": "test.csv"
  },
  "validation_metrics": {
    "split": "validation",
    "threshold": 0.5,
    "roc_auc": 0.926597096570966,
    "pr_auc": 0.9308320819336684,
    "accuracy": 0.8734729493891797,
    "precision": 0.8688968146599434,
    "recall": 0.8347117202268431,
    "f1_score": 0.8514612835191323,
    "rows": 19482
  },
  "test_metrics": {
    "split": "test",
    "threshold": 0.5,
    "roc_auc": 0.9276691200616554,
    "pr_auc": 0.9316653386737639,
    "accuracy": 0.8739862437121445,
    "precision": 0.8711550339715874,
    "recall": 0.8331758034026465,
    "f1_score": 0.8517422549670873,
    "rows": 19482
  }
}