{
    "ROC-AUC": 0.9276691200616554,
    "PR-AUC": 0.9316653386737639,
    "Accuracy": 0.8739862437121445,
    "Precision": 0.8711550339715874,
    "Recall": 0.8331758034026465,
    "F1-score": 0.8517422549670873
}