{
    "ROC-AUC": 0.926597096570966,
    "PR-AUC": 0.9308320819336684,
    "Accuracy": 0.8734729493891797,
    "Precision": 0.8688968146599434,
    "Recall": 0.8347117202268431,
    "F1-score": 0.8514612835191323
}