{
  "task_name": "model_compare",
  "execution_status": "CONFIRMED_BY_EXECUTION",
  "random_seed": 42,
  "split_manifest_path": "outputs/shared/split_manifest.json",
  "split_manifest_sha256": "687510b33da154d45ae88e4425fadf5f43791b592bc8978b83a4b1b47a7b99f2",
  "selected_model": "HistGradientBoostingClassifier",
  "validation_metrics_by_model": [
    {
      "model_name": "HistGradientBoostingClassifier",
      "roc_auc": 0.9946316847135519,
      "pr_auc": 0.9936636232680085,
      "accuracy": 0.9627348321527563,
      "precision": 0.9755408062930186,
      "recall": 0.9377362948960303,
      "f1": 0.9562650602409638,
      "threshold": 0.5,
      "tn": 10819,
      "fp": 199,
      "fn": 527,
      "tp": 7937,
      "selection_metric": "validation",
      "priority_rank": 1
    },
    {
      "model_name": "RandomForestClassifier",
      "roc_auc": 0.9936987455824993,
      "pr_auc": 0.9927093579750123,
      "accuracy": 0.9620675495329022,
      "precision": 0.9706348239307908,
      "recall": 0.9411625708884688,
      "f1": 0.9556715254033952,
      "threshold": 0.5,
      "tn": 10777,
      "fp": 241,
      "fn": 498,
      "tp": 7966,
      "selection_metric": "validation",
      "priority_rank": 2
    },
    {
      "model_name": "ExtraTreesClassifier",
      "roc_auc": 0.993141180345549,
      "pr_auc": 0.992033844884961,
      "accuracy": 0.9595524073503747,
      "precision": 0.9679346500853451,
      "recall": 0.9379725897920604,
      "f1": 0.9527181087243489,
      "threshold": 0.5,
      "tn": 10755,
      "fp": 263,
      "fn": 525,
      "tp": 7939,
      "selection_metric": "validation",
      "priority_rank": 3
    },
    {
      "model_name": "LogisticRegression",
      "roc_auc": 0.926597096570966,
      "pr_auc": 0.9308320819336684,
      "accuracy": 0.8734729493891797,
      "precision": 0.8688968146599434,
      "recall": 0.8347117202268431,
      "f1": 0.8514612835191323,
      "threshold": 0.5,
      "tn": 9952,
      "fp": 1066,
      "fn": 1399,
      "tp": 7065,
      "selection_metric": "validation",
      "priority_rank": 0
    }
  ],
  "test_metrics_by_model": [
    {
      "model_name": "HistGradientBoostingClassifier",
      "roc_auc": 0.9949659836576065,
      "pr_auc": 0.9940840626276425,
      "accuracy": 0.9644800328508367,
      "precision": 0.9750611246943766,
      "recall": 0.94234404536862,
      "f1": 0.958423455900024,
      "threshold": 0.5,
      "tn": 10814,
      "fp": 204,
      "fn": 488,
      "tp": 7976,
      "evaluation_note": "post-selection descriptive comparison only"
    },
    {
      "model_name": "RandomForestClassifier",
      "roc_auc": 0.9940532200959351,
      "pr_auc": 0.9929895377470241,
      "accuracy": 0.9632994559080177,
      "precision": 0.9716372489348752,
      "recall": 0.9430529300567108,
      "f1": 0.9571317225253313,
      "threshold": 0.5,
      "tn": 10785,
      "fp": 233,
      "fn": 482,
      "tp": 7982,
      "evaluation_note": "post-selection descriptive comparison only"
    },
    {
      "model_name": "ExtraTreesClassifier",
      "roc_auc": 0.9931020087511037,
      "pr_auc": 0.9919532734755392,
      "accuracy": 0.9610409608869726,
      "precision": 0.9695307739183425,
      "recall": 0.9398629489603024,
      "f1": 0.9544663747075409,
      "threshold": 0.5,
      "tn": 10768,
      "fp": 250,
      "fn": 509,
      "tp": 7955,
      "evaluation_note": "post-selection descriptive comparison only"
    },
    {
      "model_name": "LogisticRegression",
      "roc_auc": 0.9276691200616554,
      "pr_auc": 0.9316653386737639,
      "accuracy": 0.8739862437121445,
      "precision": 0.8711550339715874,
      "recall": 0.8331758034026465,
      "f1": 0.8517422549670873,
      "threshold": 0.5,
      "tn": 9975,
      "fp": 1043,
      "fn": 1412,
      "tp": 7052,
      "evaluation_note": "post-selection descriptive comparison only"
    }
  ],
  "created_files": [
    "outputs/model_compare/validation_metrics_by_model.csv",
    "outputs/model_compare/test_metrics_by_model.csv",
    "outputs/model_compare/candidate_model_manifest.json",
    "outputs/model_compare/model_selection_report.md",
    "outputs/model/validation_predictions.csv",
    "outputs/model/test_predictions.csv",
    "outputs/model/metrics_validation.json",
    "outputs/model/metrics_test.json",
    "outputs/model/confusion_matrix_validation.csv",
    "outputs/model/confusion_matrix_test.csv",
    "outputs/model/model.joblib",
    "outputs/model/feature_manifest.json",
    "docs/reproducibility_record.md",
    "docs/decision_log.md",
    "outputs/model_compare/run_log.txt",
    "outputs/model_compare/run_metadata.json",
    "outputs/model/run_log.txt",
    "outputs/model/run_metadata.json"
  ]
}