{
  "model_name": "LogisticRegression",
  "split": "test",
  "metrics": {
    "roc_auc": 0.9276691200616554,
    "pr_auc": 0.9316653386737639,
    "accuracy": 0.8739862437121445,
    "precision": 0.8711550339715874,
    "recall": 0.8331758034026465,
    "f1": 0.8517422549670873,
    "threshold": 0.5,
    "tn": 9975,
    "fp": 1043,
    "fn": 1412,
    "tp": 7052
  },
  "execution_status": "CONFIRMED_BY_EXECUTION"
}