{
  "model_name": "HistGradientBoostingClassifier",
  "split": "validation",
  "metrics": {
    "roc_auc": 0.9946316847135519,
    "pr_auc": 0.9936636232680085,
    "accuracy": 0.9627348321527563,
    "precision": 0.9755408062930186,
    "recall": 0.9377362948960303,
    "f1": 0.9562650602409638,
    "threshold": 0.5,
    "tn": 10819,
    "fp": 199,
    "fn": 527,
    "tp": 7937
  },
  "execution_status": "CONFIRMED_BY_EXECUTION"
}