{
    "ROC-AUC": 0.9950874713606639,
    "PR-AUC": 0.9941980319169401,
    "Accuracy": 0.9652499743352838,
    "Precision": 0.9766189252050435,
    "Recall": 0.9425803402646503,
    "F1-score": 0.9592977815186677
}