{
    "ROC-AUC": 0.9948450642804471,
    "PR-AUC": 0.9938892500083035,
    "Accuracy": 0.962478184991274,
    "Precision": 0.9755257655884885,
    "Recall": 0.9371455576559546,
    "F1-score": 0.9559505875263634
}