{
  "split": "validation",
  "threshold": 0.5,
  "roc_auc": 0.926597096570966,
  "pr_auc": 0.9308320819336684,
  "accuracy": 0.8734729493891797,
  "precision": 0.8688968146599434,
  "recall": 0.8347117202268431,
  "f1_score": 0.8514612835191323,
  "positive_rate_true": 0.43445231495739656,
  "positive_rate_pred": 0.41735961400266913,
  "rows": 19482
}