{
  "status": "CONFIRMED BY EXECUTION",
  "attempted_runs": 3,
  "successful_runs": 3,
  "metrics_stable_across_repeated_runs": true,
  "prediction_outputs_identical_across_repeated_runs": true,
  "coefficients_identical_across_repeated_runs": true,
  "max_validation_roc_auc_difference": 0.0,
  "max_validation_f1_difference": 0.0,
  "max_test_roc_auc_difference": 0.0,
  "max_test_f1_difference": 0.0,
  "runs": [
    {
      "run_index": 1,
      "status": "success",
      "validation_metrics": {
        "split": "validation",
        "threshold": 0.5,
        "roc_auc": 0.926597096570966,
        "pr_auc": 0.9308320819336684,
        "accuracy": 0.8734729493891797,
        "precision": 0.8688968146599434,
        "recall": 0.8347117202268431,
        "f1_score": 0.8514612835191323,
        "positive_rate_true": 0.43445231495739656,
        "positive_rate_pred": 0.41735961400266913,
        "rows": 19482
      },
      "test_metrics": {
        "split": "test",
        "threshold": 0.5,
        "roc_auc": 0.9276691200616554,
        "pr_auc": 0.9316653386737639,
        "accuracy": 0.8739862437121445,
        "precision": 0.8711550339715874,
        "recall": 0.8331758034026465,
        "f1_score": 0.8517422549670873,
        "positive_rate_true": 0.43445231495739656,
        "positive_rate_pred": 0.4155117544399959,
        "rows": 19482
      },
      "validation_predictions_hash": 17587744221765546564,
      "test_predictions_hash": 15296038714715374532,
      "coefficient_hash": 9906309089457534590
    },
    {
      "run_index": 2,
      "status": "success",
      "validation_metrics": {
        "split": "validation",
        "threshold": 0.5,
        "roc_auc": 0.926597096570966,
        "pr_auc": 0.9308320819336684,
        "accuracy": 0.8734729493891797,
        "precision": 0.8688968146599434,
        "recall": 0.8347117202268431,
        "f1_score": 0.8514612835191323,
        "positive_rate_true": 0.43445231495739656,
        "positive_rate_pred": 0.41735961400266913,
        "rows": 19482
      },
      "test_metrics": {
        "split": "test",
        "threshold": 0.5,
        "roc_auc": 0.9276691200616554,
        "pr_auc": 0.9316653386737639,
        "accuracy": 0.8739862437121445,
        "precision": 0.8711550339715874,
        "recall": 0.8331758034026465,
        "f1_score": 0.8517422549670873,
        "positive_rate_true": 0.43445231495739656,
        "positive_rate_pred": 0.4155117544399959,
        "rows": 19482
      },
      "validation_predictions_hash": 17587744221765546564,
      "test_predictions_hash": 15296038714715374532,
      "coefficient_hash": 9906309089457534590
    },
    {
      "run_index": 3,
      "status": "success",
      "validation_metrics": {
        "split": "validation",
        "threshold": 0.5,
        "roc_auc": 0.926597096570966,
        "pr_auc": 0.9308320819336684,
        "accuracy": 0.8734729493891797,
        "precision": 0.8688968146599434,
        "recall": 0.8347117202268431,
        "f1_score": 0.8514612835191323,
        "positive_rate_true": 0.43445231495739656,
        "positive_rate_pred": 0.41735961400266913,
        "rows": 19482
      },
      "test_metrics": {
        "split": "test",
        "threshold": 0.5,
        "roc_auc": 0.9276691200616554,
        "pr_auc": 0.9316653386737639,
        "accuracy": 0.8739862437121445,
        "precision": 0.8711550339715874,
        "recall": 0.8331758034026465,
        "f1_score": 0.8517422549670873,
        "positive_rate_true": 0.43445231495739656,
        "positive_rate_pred": 0.4155117544399959,
        "rows": 19482
      },
      "validation_predictions_hash": 17587744221765546564,
      "test_predictions_hash": 15296038714715374532,
      "coefficient_hash": 9906309089457534590
    }
  ]
}