{
  "status": "CONFIRMED BY EXECUTION",
  "task_label": "BASELINE_MODEL_NOTEBOOK",
  "timestamp_utc": "2026-03-15T21:58:22.851720+00:00",
  "seed": 42,
  "threshold": 0.5,
  "model_type": "LogisticRegression",
  "preprocessing": {
    "numeric": [
      "median imputation",
      "standard scaling"
    ],
    "categorical": [
      "most frequent imputation",
      "one hot encoding handle_unknown=ignore"
    ]
  },
  "feature_count_before_encoding": 22,
  "feature_count_after_encoding": 27,
  "split_shapes": {
    "train": [
      90916,
      26
    ],
    "validation": [
      19482,
      26
    ],
    "test": [
      19482,
      26
    ]
  },
  "validation_metrics": {
    "split": "validation",
    "threshold": 0.5,
    "roc_auc": 0.926597096570966,
    "pr_auc": 0.9308320819336684,
    "accuracy": 0.8734729493891797,
    "precision": 0.8688968146599434,
    "recall": 0.8347117202268431,
    "f1_score": 0.8514612835191323,
    "positive_rate_true": 0.43445231495739656,
    "positive_rate_pred": 0.41735961400266913,
    "rows": 19482
  },
  "test_metrics": {
    "split": "test",
    "threshold": 0.5,
    "roc_auc": 0.9276691200616554,
    "pr_auc": 0.9316653386737639,
    "accuracy": 0.8739862437121445,
    "precision": 0.8711550339715874,
    "recall": 0.8331758034026465,
    "f1_score": 0.8517422549670873,
    "positive_rate_true": 0.43445231495739656,
    "positive_rate_pred": 0.4155117544399959,
    "rows": 19482
  },
  "coefficient_summary": {
    "min": -1.6831699889791232,
    "max": 1.0503278925825015,
    "mean": -0.0008527574694695233
  }
}